,행정동,기초생활수급자인원,노년부양비,독거노인수,고령자수,고령내국인남성전체,고령내국인여성전체,유년부양비,노령화지수
0,사직동,125.0,27.1,66.0,1787.0,776.0,1011.0,13.0,208.3
1,삼청동,45.0,35.1,23.0,596.0,264.0,332.0,13.2,266.4
2,부암동,174.0,26.2,74.0,1808.0,790.0,1018.0,11.6,225.6
3,평창동,144.0,27.8,78.0,3474.0,1524.0,1950.0,14.4,192.8
4,무악동,206.0,26.7,108.0,1476.0,634.0,842.0,18.9,141.0
5,교남동,215.0,23.1,73.0,1648.0,687.0,961.0,16.5,140.2
6,가회동,77.0,29.2,27.0,837.0,337.0,500.0,11.9,244.2
7,종로1.2.3.4가동,786.0,27.7,423.0,1706.0,1041.0,665.0,9.3,297.8
8,종로5.6가동,319.0,23.7,156.0,1058.0,530.0,528.0,5.4,435.9
9,이화동,288.0,23.0,140.0,1352.0,570.0,782.0,6.0,381.5
10,창신1동,501.0,29.8,216.0,1176.0,576.0,600.0,5.4,555.1
11,창신2동,491.0,28.1,243.0,1809.0,806.0,1003.0,5.8,487.6
12,창신3동,247.0,26.0,84.0,1250.0,554.0,696.0,11.3,230.8
13,숭인1동,296.0,27.2,141.0,1206.0,529.0,677.0,8.6,316.4
14,숭인2동,475.0,20.5,255.0,1709.0,844.0,865.0,4.5,455.8
15,청운효자동,229.0,25.6,95.0,2137.0,883.0,1254.0,14.7,173.7
16,혜화동,380.0,17.2,147.0,2675.0,1103.0,1572.0,7.1,242.9
17,소공동,49.0,11.3,17.0,258.0,135.0,123.0,15.4,73.1
18,회현동,463.0,37.4,221.0,1250.0,632.0,618.0,10.2,367.5
19,명동,93.0,29.2,32.0,733.0,268.0,465.0,7.5,389.0
20,필동,103.0,24.1,61.0,876.0,421.0,455.0,6.9,349.8
21,장충동,157.0,20.7,63.0,855.0,378.0,477.0,6.8,304.9
22,광희동,232.0,21.2,123.0,1090.0,532.0,558.0,4.7,447.8
23,을지로동,148.0,34.1,98.0,454.0,285.0,169.0,5.2,659.2
24,신당5동,511.0,23.8,232.0,1860.0,803.0,1057.0,9.6,248.7
25,황학동,536.0,20.0,234.0,2035.0,890.0,1145.0,9.4,212.8
26,중림동,622.0,25.1,254.0,2187.0,982.0,1205.0,15.5,162.1
27,신당동,440.0,21.2,215.0,1486.0,687.0,799.0,5.7,370.9
28,다산동,507.0,27.4,233.0,2807.0,1217.0,1590.0,8.2,335.2
29,약수동,944.0,35.7,528.0,3980.0,1654.0,2326.0,12.6,284.4
30,청구동,769.0,29.7,365.0,2840.0,1198.0,1642.0,10.8,275.0
31,동화동,217.0,27.0,82.0,1949.0,864.0,1085.0,13.7,196.3
32,후암동,907.0,24.2,300.0,2972.0,1234.0,1738.0,10.9,221.3
33,용산2가동,605.0,26.5,187.0,2014.0,844.0,1170.0,7.4,358.8
34,남영동,1375.0,27.4,523.0,1544.0,950.0,594.0,4.9,553.9
35,원효로2동,457.0,22.9,191.0,2328.0,1019.0,1309.0,12.8,179.6
36,효창동,132.0,19.4,58.0,1576.0,661.0,915.0,14.3,135.5
37,용문동,441.0,25.5,200.0,2167.0,906.0,1261.0,11.5,222.1
38,이촌1동,68.0,24.6,28.0,4262.0,1817.0,2445.0,22.1,111.2
39,이촌2동,174.0,32.1,74.0,1786.0,742.0,1044.0,12.8,251.3
40,이태원1동,254.0,22.1,81.0,1292.0,544.0,748.0,8.2,268.7
41,이태원2동,276.0,24.0,104.0,1809.0,721.0,1088.0,10.5,228.6
42,서빙고동,326.0,21.9,111.0,2112.0,893.0,1219.0,15.5,141.2
43,보광동,1086.0,25.1,349.0,2643.0,1065.0,1578.0,7.1,351.5
44,청파동,1136.0,20.7,368.0,3206.0,1321.0,1885.0,6.3,327.7
45,원효로1동,388.0,14.9,150.0,2049.0,919.0,1130.0,12.8,116.6
46,한강로동,410.0,18.4,185.0,3131.0,1494.0,1637.0,11.8,156.0
47,한남동,595.0,22.5,252.0,3587.0,1580.0,2007.0,12.4,181.8
48,왕십리2동,549.0,21.5,216.0,2648.0,1168.0,1480.0,13.5,159.6
49,마장동,838.0,23.9,304.0,4030.0,1792.0,2238.0,10.5,227.8
50,사근동,258.0,12.7,90.0,1516.0,648.0,868.0,4.8,264.5
51,행당1동,423.0,21.0,144.0,2190.0,994.0,1196.0,13.2,159.7
52,행당2동,861.0,24.1,373.0,4003.0,1670.0,2333.0,15.3,157.8
53,응봉동,230.0,23.6,89.0,2536.0,1056.0,1480.0,17.0,138.8
54,금호1가동,772.0,25.8,329.0,2745.0,1163.0,1582.0,16.1,160.3
55,금호4가동,442.0,25.2,204.0,2505.0,1023.0,1482.0,17.4,144.4
56,성수1가1동,515.0,19.1,159.0,2392.0,1120.0,1272.0,11.1,171.1
57,성수1가2동,268.0,21.1,85.0,1962.0,910.0,1052.0,11.1,190.1
58,성수2가1동,818.0,25.4,285.0,2934.0,1373.0,1561.0,9.1,278.2
59,성수2가3동,250.0,23.2,76.0,1827.0,866.0,961.0,9.6,241.1
60,송정동,736.0,23.4,228.0,1840.0,860.0,980.0,8.2,285.1
61,용답동,918.0,22.6,300.0,2176.0,1036.0,1140.0,5.8,389.4
62,왕십리도선동,921.0,19.9,398.0,3952.0,1731.0,2221.0,15.0,132.4
63,금호2.3가동,769.0,24.6,267.0,3980.0,1665.0,2315.0,13.8,178.7
64,옥수동,532.0,23.6,210.0,4294.0,1827.0,2467.0,17.9,132.1
65,화양동,730.0,9.8,179.0,2332.0,1041.0,1291.0,2.5,390.7
66,군자동,921.0,18.6,316.0,3159.0,1406.0,1753.0,7.5,247.9
67,중곡1동,989.0,21.8,306.0,2619.0,1200.0,1419.0,8.0,272.3
68,중곡2동,935.0,20.9,320.0,3410.0,1520.0,1890.0,9.7,215.1
69,중곡3동,1204.0,24.2,388.0,2937.0,1296.0,1641.0,8.8,275.3
70,중곡4동,1534.0,25.7,567.0,5411.0,2444.0,2967.0,9.2,278.8
71,능동,383.0,18.4,120.0,1668.0,731.0,937.0,8.7,212.4
72,구의1동,976.0,17.4,300.0,3312.0,1452.0,1860.0,7.9,221.5
73,구의2동,1132.0,23.2,398.0,4502.0,1968.0,2534.0,13.3,174.7
74,구의3동,553.0,20.6,180.0,4368.0,1981.0,2387.0,13.2,156.2
75,광장동,271.0,16.1,94.0,3986.0,1855.0,2131.0,22.2,72.4
76,자양1동,1294.0,20.8,449.0,3621.0,1533.0,2088.0,8.3,249.3
77,자양2동,883.0,23.6,291.0,4196.0,1921.0,2275.0,12.5,189.3
78,자양3동,381.0,22.4,149.0,4467.0,2046.0,2421.0,16.4,136.8
79,자양4동,1001.0,23.9,434.0,3749.0,1681.0,2068.0,7.0,340.0
